{"cameraMode":{"drawMode":0,"name":"Shaded","section":"Shading Mode"},"sceneLighting":true,"audioPlay":false,"sceneViewState":{"showFog":true,"showMaterialUpdate":false,"showSkybox":true,"showFlares":true,"showImageEffects":true,"showParticleSystems":true},"in2DMode":false,"pivot":{"x":6.5379533767700199,"y":201.6766815185547,"z":6.873712539672852},"rotation":{"x":-0.16134397685527802,"y":0.05533140152692795,"z":-0.009060430340468884,"w":-0.9853059649467468},"size":18.432226181030275,"orthographic":false}