{"cameraMode":{"drawMode":0,"name":"Shaded","section":"Shading Mode"},"sceneLighting":true,"audioPlay":false,"sceneViewState":{"showFog":true,"showMaterialUpdate":false,"showSkybox":true,"showFlares":false,"showImageEffects":false,"showParticleSystems":false},"in2DMode":false,"pivot":{"x":66.98999786376953,"y":92.22000122070313,"z":41.52000045776367},"rotation":{"x":-0.05947636067867279,"y":-0.9153124094009399,"z":0.14706774055957795,"w":-0.37020552158355715},"size":4.315306186676025,"orthographic":false}