{"cameraMode":{"drawMode":0,"name":"Shaded","section":"Shading Mode"},"sceneLighting":true,"audioPlay":false,"sceneViewState":{"showFog":true,"showMaterialUpdate":false,"showSkybox":true,"showFlares":true,"showImageEffects":true,"showParticleSystems":true},"in2DMode":false,"pivot":{"x":2.1124377250671388,"y":1.6070139408111573,"z":0.15135715901851655},"rotation":{"x":0.24446243047714234,"y":0.10303875058889389,"z":-0.026129543781280519,"w":0.9638262987136841},"size":5.14523458480835,"orthographic":false}