{"cameraMode":{"drawMode":0,"name":"Shaded","section":"Shading Mode"},"sceneLighting":true,"audioPlay":false,"sceneViewState":{"showFog":true,"showMaterialUpdate":false,"showSkybox":true,"showFlares":false,"showImageEffects":false,"showParticleSystems":false},"in2DMode":false,"pivot":{"x":-41.6614990234375,"y":-25.99066162109375,"z":-5.9573974609375},"rotation":{"x":0.5635347962379456,"y":-0.01786891184747219,"z":0.01220088079571724,"w":0.8258222937583923},"size":363.6340026855469,"orthographic":false}