{"cameraMode":{"drawMode":0,"name":"Shaded","section":"Shading Mode"},"sceneLighting":true,"audioPlay":false,"sceneViewState":{"showFog":true,"showMaterialUpdate":false,"showSkybox":true,"showFlares":false,"showImageEffects":false,"showParticleSystems":false},"in2DMode":false,"pivot":{"x":42.12626266479492,"y":200.60067749023438,"z":70.4557113647461},"rotation":{"x":-0.29514774680137637,"y":0.6577913165092468,"z":-0.31435051560401919,"w":-0.6175739169120789},"size":2.8578836917877199,"orthographic":false}