{"cameraMode":{"drawMode":0,"name":"Shaded","section":"Shading Mode"},"sceneLighting":true,"audioPlay":false,"sceneViewState":{"showFog":false,"showMaterialUpdate":false,"showSkybox":false,"showFlares":false,"showImageEffects":false,"showParticleSystems":false},"in2DMode":false,"pivot":{"x":0.00019249320030212402,"y":0.2083730399608612,"z":-0.028719931840896608},"rotation":{"x":-0.035105276852846149,"y":0.9200087785720825,"z":-0.0846978947520256,"w":-0.381073534488678},"size":1.3265877962112427,"orthographic":false}