{"cameraMode":{"drawMode":0,"name":"Shaded","section":"Shading Mode"},"sceneLighting":false,"audioPlay":false,"sceneViewState":{"showFog":true,"showMaterialUpdate":false,"showSkybox":false,"showFlares":false,"showImageEffects":false,"showParticleSystems":false},"in2DMode":false,"pivot":{"x":9.5367431640625e-7,"y":1.1392797231674195,"z":0.0000019073486328125},"rotation":{"x":-0.029633140191435815,"y":0.2104235142469406,"z":-0.0063597820699214939,"w":-0.9771618843078613},"size":12.725576400756836,"orthographic":false}