{"cameraMode":{"drawMode":0,"name":"Shaded","section":"Shading Mode"},"sceneLighting":false,"audioPlay":false,"sceneViewState":{"showFog":true,"showMaterialUpdate":false,"showSkybox":false,"showFlares":true,"showImageEffects":true,"showParticleSystems":true},"in2DMode":false,"pivot":{"x":2.1124377250671388,"y":1.6070139408111573,"z":0.15135717391967774},"rotation":{"x":-0.01082174014300108,"y":0.9539071321487427,"z":-0.034651171416044238,"w":-0.29790106415748598},"size":1.4289418458938599,"orthographic":false}