{"cameraMode":{"drawMode":0,"name":"Shaded","section":"Shading Mode"},"sceneLighting":true,"audioPlay":false,"sceneViewState":{"showFog":true,"showMaterialUpdate":false,"showSkybox":true,"showFlares":false,"showImageEffects":false,"showParticleSystems":false},"in2DMode":false,"pivot":{"x":67.0337142944336,"y":92.2466049194336,"z":41.50403594970703},"rotation":{"x":0.26589497923851015,"y":-0.21524325013160706,"z":0.06103983148932457,"w":0.9376919865608215},"size":1.9665855169296265,"orthographic":false}