{"cameraMode":{"drawMode":0,"name":"Shaded","section":"Shading Mode"},"sceneLighting":false,"audioPlay":false,"sceneViewState":{"showFog":false,"showMaterialUpdate":false,"showSkybox":false,"showFlares":false,"showImageEffects":false,"showParticleSystems":false},"in2DMode":false,"pivot":{"x":20.099998474121095,"y":200.0,"z":22.950000762939454},"rotation":{"x":-0.3013754189014435,"y":-0.09789224714040756,"z":0.031130054965615274,"w":-0.9479727149009705},"size":352.92669677734377,"orthographic":false}