{"cameraMode":{"drawMode":0,"name":"Shaded","section":"Shading Mode"},"sceneLighting":true,"audioPlay":false,"sceneViewState":{"showFog":true,"showMaterialUpdate":false,"showSkybox":true,"showFlares":false,"showImageEffects":false,"showParticleSystems":false},"in2DMode":false,"pivot":{"x":19.612834930419923,"y":200.907958984375,"z":45.136619567871097},"rotation":{"x":-0.14288704097270966,"y":0.7325157523155212,"z":-0.16211313009262086,"w":-0.645552933216095},"size":11.254260063171387,"orthographic":false}