{"cameraMode":{"drawMode":0,"name":"Shaded","section":"Shading Mode"},"sceneLighting":true,"audioPlay":false,"sceneViewState":{"showFog":true,"showMaterialUpdate":false,"showSkybox":true,"showFlares":false,"showImageEffects":false,"showParticleSystems":false},"in2DMode":false,"pivot":{"x":104.1500015258789,"y":204.6199951171875,"z":11.550000190734864},"rotation":{"x":0.22264963388442994,"y":-0.2058485448360443,"z":0.0481400303542614,"w":0.951702356338501},"size":85.44284057617188,"orthographic":false}