{"cameraMode":{"drawMode":0,"name":"Shaded","section":"Shading Mode"},"sceneLighting":false,"audioPlay":false,"sceneViewState":{"showFog":true,"showMaterialUpdate":false,"showSkybox":false,"showFlares":true,"showImageEffects":true,"showParticleSystems":true},"in2DMode":false,"pivot":{"x":9.013117790222168,"y":1.339066982269287,"z":3.4700000286102297},"rotation":{"x":-0.5431804060935974,"y":-0.1704847812652588,"z":0.11373556405305863,"w":-0.8142267465591431},"size":6.0501179695129398,"orthographic":false}