{"cameraMode":{"drawMode":0,"name":"Shaded","section":"Shading Mode"},"sceneLighting":true,"audioPlay":false,"sceneViewState":{"showFog":true,"showMaterialUpdate":false,"showSkybox":true,"showFlares":true,"showImageEffects":true,"showParticleSystems":true},"in2DMode":false,"pivot":{"x":25.68000030517578,"y":201.13845825195313,"z":1.1200000047683716},"rotation":{"x":-0.1449085921049118,"y":0.8430440425872803,"z":-0.2806018590927124,"w":-0.43536654114723208},"size":22.0,"orthographic":false}