{"cameraMode":{"drawMode":0,"name":"Shaded","section":"Shading Mode"},"sceneLighting":true,"audioPlay":false,"sceneViewState":{"showFog":true,"showMaterialUpdate":false,"showSkybox":true,"showFlares":false,"showImageEffects":false,"showParticleSystems":false},"in2DMode":false,"pivot":{"x":20.10433578491211,"y":99.97608947753906,"z":-83.64201354980469},"rotation":{"x":0.2854645252227783,"y":0.10549995303153992,"z":-0.03162866458296776,"w":0.9520509839057922},"size":6.131125450134277,"orthographic":false}