{"cameraMode":{"drawMode":0,"name":"Shaded","section":"Shading Mode"},"sceneLighting":true,"audioPlay":false,"sceneViewState":{"showFog":true,"showMaterialUpdate":false,"showSkybox":true,"showFlares":false,"showImageEffects":false,"showParticleSystems":false},"in2DMode":false,"pivot":{"x":68.03466796875,"y":92.04966735839844,"z":45.453495025634769},"rotation":{"x":-0.2291433960199356,"y":0.47940707206726076,"z":-0.1313994824886322,"w":-0.8369258642196655},"size":20.69236183166504,"orthographic":false}