{"cameraMode":{"drawMode":0,"name":"Shaded","section":"Shading Mode"},"sceneLighting":true,"audioPlay":false,"sceneViewState":{"showFog":true,"showMaterialUpdate":false,"showSkybox":true,"showFlares":false,"showImageEffects":false,"showParticleSystems":false},"in2DMode":false,"pivot":{"x":95.80001831054688,"y":203.9372100830078,"z":8.601604461669922},"rotation":{"x":-0.14288704097270966,"y":0.7325157523155212,"z":-0.16211313009262086,"w":-0.645552933216095},"size":50.68620300292969,"orthographic":false}