{"cameraMode":{"drawMode":0,"name":"Shaded","section":"Shading Mode"},"sceneLighting":false,"audioPlay":false,"sceneViewState":{"showFog":true,"showMaterialUpdate":false,"showSkybox":false,"showFlares":false,"showImageEffects":false,"showParticleSystems":false},"in2DMode":false,"pivot":{"x":76.52000427246094,"y":201.71905517578126,"z":32.2370491027832},"rotation":{"x":0.05483396723866463,"y":0.9427964091300964,"z":-0.26429450511932375,"w":0.1956573873758316},"size":8.199050903320313,"orthographic":false}