{"cameraMode":{"drawMode":0,"name":"Shaded","section":"Shading Mode"},"sceneLighting":true,"audioPlay":false,"sceneViewState":{"showFog":true,"showMaterialUpdate":false,"showSkybox":true,"showFlares":false,"showImageEffects":false,"showParticleSystems":false},"in2DMode":false,"pivot":{"x":96.00074005126953,"y":201.1466064453125,"z":4.953466892242432},"rotation":{"x":-0.005380507092922926,"y":0.9944120645523071,"z":-0.06304109841585159,"w":-0.08460690081119538},"size":5.7807841300964359,"orthographic":false}