{"cameraMode":{"drawMode":0,"name":"Shaded","section":"Shading Mode"},"sceneLighting":true,"audioPlay":false,"sceneViewState":{"showFog":true,"showMaterialUpdate":false,"showSkybox":false,"showFlares":false,"showImageEffects":false,"showParticleSystems":false},"in2DMode":false,"pivot":{"x":232.809814453125,"y":456.37213134765627,"z":-142.6494903564453},"rotation":{"x":-0.19567756354808808,"y":0.2010938972234726,"z":-0.04115428775548935,"w":-0.9589715003967285},"size":701.9031982421875,"orthographic":false}