{"cameraMode":{"drawMode":0,"name":"Shaded","section":"Shading Mode"},"sceneLighting":true,"audioPlay":false,"sceneViewState":{"showFog":false,"showMaterialUpdate":false,"showSkybox":false,"showFlares":false,"showImageEffects":false,"showParticleSystems":false},"in2DMode":false,"pivot":{"x":-2.944998025894165,"y":200.44114685058595,"z":0.6842293739318848},"rotation":{"x":0.19357773661613465,"y":-0.5897821187973023,"z":0.14826388657093049,"w":0.769893229007721},"size":7.257542610168457,"orthographic":false}