{"cameraMode":{"drawMode":0,"name":"Shaded","section":"Shading Mode"},"sceneLighting":true,"audioPlay":false,"sceneViewState":{"showFog":true,"showMaterialUpdate":false,"showSkybox":true,"showFlares":false,"showImageEffects":false,"showParticleSystems":false},"in2DMode":false,"pivot":{"x":104.68728637695313,"y":201.0626983642578,"z":12.975629806518555},"rotation":{"x":0.22264963388442994,"y":-0.2058485448360443,"z":0.0481400303542614,"w":0.951702356338501},"size":10.303665161132813,"orthographic":false}