{"cameraMode":{"drawMode":0,"name":"Shaded","section":"Shading Mode"},"sceneLighting":true,"audioPlay":false,"sceneViewState":{"showFog":true,"showMaterialUpdate":false,"showSkybox":true,"showFlares":false,"showImageEffects":false,"showParticleSystems":false},"in2DMode":false,"pivot":{"x":-2.8648529052734377,"y":76.72891998291016,"z":-75.38124084472656},"rotation":{"x":0.17305506765842439,"y":-0.7968583703041077,"z":0.2692684829235077,"w":0.5124512910842896},"size":19.717126846313478,"orthographic":false}