{"cameraMode":{"drawMode":0,"name":"Shaded","section":"Shading Mode"},"sceneLighting":true,"audioPlay":false,"sceneViewState":{"showFog":true,"showMaterialUpdate":false,"showSkybox":true,"showFlares":false,"showImageEffects":false,"showParticleSystems":false},"in2DMode":false,"pivot":{"x":204.07797241210938,"y":324.6022644042969,"z":-43.55986022949219},"rotation":{"x":-0.19567756354808808,"y":0.2010938972234726,"z":-0.04115428775548935,"w":-0.9589715003967285},"size":354.1292419433594,"orthographic":false}