{"cameraMode":{"drawMode":0,"name":"Shaded","section":"Shading Mode"},"sceneLighting":true,"audioPlay":false,"sceneViewState":{"showFog":false,"showMaterialUpdate":false,"showSkybox":false,"showFlares":false,"showImageEffects":false,"showParticleSystems":false},"in2DMode":false,"pivot":{"x":29.64059066772461,"y":200.1999969482422,"z":-34.08125305175781},"rotation":{"x":-0.4784756600856781,"y":0.18609343469142915,"z":-0.10453768074512482,"w":-0.851775050163269},"size":34.44580078125,"orthographic":false}