{"cameraMode":{"drawMode":0,"name":"Shaded","section":"Shading Mode"},"sceneLighting":true,"audioPlay":false,"sceneViewState":{"showFog":true,"showMaterialUpdate":false,"showSkybox":true,"showFlares":false,"showImageEffects":false,"showParticleSystems":false},"in2DMode":false,"pivot":{"x":44.11126708984375,"y":100.7663803100586,"z":17.19853401184082},"rotation":{"x":-0.12095211446285248,"y":-0.752771258354187,"z":0.1441686600446701,"w":-0.6308468580245972},"size":5.361902713775635,"orthographic":false}