{"cameraMode":{"drawMode":0,"name":"Shaded","section":"Shading Mode"},"sceneLighting":true,"audioPlay":false,"sceneViewState":{"showFog":true,"showMaterialUpdate":false,"showSkybox":true,"showFlares":false,"showImageEffects":false,"showParticleSystems":false},"in2DMode":false,"pivot":{"x":30.977773666381837,"y":200.4600067138672,"z":48.532466888427737},"rotation":{"x":-0.004592088982462883,"y":0.8861207962036133,"z":-0.4633668065071106,"w":-0.00874672643840313},"size":4.753700256347656,"orthographic":false}