{"cameraMode":{"drawMode":0,"name":"Shaded","section":"Shading Mode"},"sceneLighting":true,"audioPlay":false,"sceneViewState":{"showFog":true,"showMaterialUpdate":false,"showSkybox":true,"showFlares":false,"showImageEffects":false,"showParticleSystems":false},"in2DMode":false,"pivot":{"x":-37.65553283691406,"y":206.10702514648438,"z":65.25137329101563},"rotation":{"x":-0.31593552231788638,"y":-0.08578377217054367,"z":0.02871065028011799,"w":-0.9444666504859924},"size":148.17984008789063,"orthographic":false}