{"cameraMode":{"drawMode":0,"name":"Shaded","section":"Shading Mode"},"sceneLighting":true,"audioPlay":false,"sceneViewState":{"showFog":false,"showMaterialUpdate":false,"showSkybox":false,"showFlares":false,"showImageEffects":false,"showParticleSystems":false},"in2DMode":false,"pivot":{"x":3.8934364318847658,"y":195.73960876464845,"z":-36.8016242980957},"rotation":{"x":-0.32962164282798769,"y":0.0458577424287796,"z":-0.01603269949555397,"w":-0.9428732991218567},"size":161.54067993164063,"orthographic":false}