{"cameraMode":{"drawMode":0,"name":"Shaded","section":"Shading Mode"},"sceneLighting":true,"audioPlay":false,"sceneViewState":{"showFog":true,"showMaterialUpdate":false,"showSkybox":true,"showFlares":false,"showImageEffects":false,"showParticleSystems":false},"in2DMode":false,"pivot":{"x":451.05059814453127,"y":188.5,"z":3.262253761291504},"rotation":{"x":0.10624660551548004,"y":-0.2438192516565323,"z":0.026869183406233789,"w":0.9636088609695435},"size":1615.993408203125,"orthographic":false}