{"cameraMode":{"drawMode":0,"name":"Shaded","section":"Shading Mode"},"sceneLighting":false,"audioPlay":false,"sceneViewState":{"showFog":true,"showMaterialUpdate":false,"showSkybox":false,"showFlares":false,"showImageEffects":false,"showParticleSystems":false},"in2DMode":false,"pivot":{"x":37.25126647949219,"y":200.62261962890626,"z":75.66922760009766},"rotation":{"x":0.5635347962379456,"y":-0.01786891184747219,"z":0.01220088079571724,"w":0.8258222937583923},"size":56.066524505615237,"orthographic":false}