{"cameraMode":{"drawMode":0,"name":"Shaded","section":"Shading Mode"},"sceneLighting":false,"audioPlay":false,"sceneViewState":{"showFog":false,"showMaterialUpdate":false,"showSkybox":false,"showFlares":false,"showImageEffects":false,"showParticleSystems":false},"in2DMode":false,"pivot":{"x":-18.03494644165039,"y":201.98060607910157,"z":11.84000015258789},"rotation":{"x":-0.035105276852846149,"y":0.9200087785720825,"z":-0.0846978947520256,"w":-0.381073534488678},"size":8.527134895324707,"orthographic":false}