{"cameraMode":{"drawMode":0,"name":"Shaded","section":"Shading Mode"},"sceneLighting":true,"audioPlay":false,"sceneViewState":{"showFog":true,"showMaterialUpdate":false,"showSkybox":true,"showFlares":true,"showImageEffects":true,"showParticleSystems":true},"in2DMode":false,"pivot":{"x":57.9687385559082,"y":218.42872619628907,"z":15.091557502746582},"rotation":{"x":-0.16894255578517915,"y":0.1317388415336609,"z":-0.022791525349020959,"w":-0.9765163064002991},"size":53.05772018432617,"orthographic":false}