{"cameraMode":{"drawMode":0,"name":"Shaded","section":"Shading Mode"},"sceneLighting":true,"audioPlay":false,"sceneViewState":{"showFog":true,"showMaterialUpdate":false,"showSkybox":true,"showFlares":false,"showImageEffects":false,"showParticleSystems":false},"in2DMode":false,"pivot":{"x":65.39872741699219,"y":197.90176391601563,"z":41.66364288330078},"rotation":{"x":0.2113143801689148,"y":-0.05892402306199074,"z":0.012749695219099522,"w":0.9755599498748779},"size":55.449703216552737,"orthographic":false}