{"cameraMode":{"drawMode":0,"name":"Shaded","section":"Shading Mode"},"sceneLighting":true,"audioPlay":false,"sceneViewState":{"showFog":true,"showMaterialUpdate":false,"showSkybox":true,"showFlares":false,"showImageEffects":false,"showParticleSystems":false},"in2DMode":false,"pivot":{"x":88.89201354980469,"y":104.10994720458985,"z":45.248809814453128},"rotation":{"x":0.2375022917985916,"y":-0.16289949417114259,"z":0.04043138027191162,"w":0.9567846059799194},"size":59.897274017333987,"orthographic":false}