{"cameraMode":{"drawMode":0,"name":"Shaded","section":"Shading Mode"},"sceneLighting":false,"audioPlay":false,"sceneViewState":{"showFog":false,"showMaterialUpdate":false,"showSkybox":false,"showFlares":false,"showImageEffects":false,"showParticleSystems":false},"in2DMode":false,"pivot":{"x":-1.6088390350341797,"y":201.58908081054688,"z":2.0621323585510256},"rotation":{"x":0.013692033477127552,"y":-0.8308072686195374,"z":0.5560452342033386,"w":0.020442822948098184},"size":6.619060039520264,"orthographic":false}