{"cameraMode":{"drawMode":0,"name":"Shaded","section":"Shading Mode"},"sceneLighting":true,"audioPlay":false,"sceneViewState":{"showFog":true,"showMaterialUpdate":false,"showSkybox":true,"showFlares":false,"showImageEffects":false,"showParticleSystems":false},"in2DMode":false,"pivot":{"x":75.12000274658203,"y":201.41000366210938,"z":25.39000129699707},"rotation":{"x":0.2113143801689148,"y":-0.05892402306199074,"z":0.012749695219099522,"w":0.9755599498748779},"size":22.0,"orthographic":false}