{"cameraMode":{"drawMode":0,"name":"Shaded","section":"Shading Mode"},"sceneLighting":false,"audioPlay":false,"sceneViewState":{"showFog":true,"showMaterialUpdate":false,"showSkybox":false,"showFlares":false,"showImageEffects":false,"showParticleSystems":false},"in2DMode":false,"pivot":{"x":10.111944198608399,"y":2.5170390605926515,"z":0.24769246578216554},"rotation":{"x":-0.07890914380550385,"y":-0.8343899846076965,"z":0.12376618385314942,"w":-0.5313098430633545},"size":1.5073611736297608,"orthographic":false}