{"cameraMode":{"drawMode":0,"name":"Shaded","section":"Shading Mode"},"sceneLighting":true,"audioPlay":false,"sceneViewState":{"showFog":true,"showMaterialUpdate":false,"showSkybox":true,"showFlares":false,"showImageEffects":false,"showParticleSystems":false},"in2DMode":false,"pivot":{"x":94.5704116821289,"y":204.69216918945313,"z":12.391840934753418},"rotation":{"x":0.22264963388442994,"y":-0.2058485448360443,"z":0.0481400303542614,"w":0.951702356338501},"size":6.578519344329834,"orthographic":false}