{"cameraMode":{"drawMode":0,"name":"Shaded","section":"Shading Mode"},"sceneLighting":true,"audioPlay":false,"sceneViewState":{"showFog":true,"showMaterialUpdate":false,"showSkybox":false,"showFlares":false,"showImageEffects":false,"showParticleSystems":false},"in2DMode":false,"pivot":{"x":8.483320236206055,"y":94.95600128173828,"z":35.08039855957031},"rotation":{"x":-0.005088553763926029,"y":-0.9868685603141785,"z":0.15855920314788819,"w":-0.031109429895877839},"size":18.186532974243165,"orthographic":false}