{"cameraMode":{"drawMode":0,"name":"Shaded","section":"Shading Mode"},"sceneLighting":true,"audioPlay":false,"sceneViewState":{"showFog":true,"showMaterialUpdate":false,"showSkybox":true,"showFlares":false,"showImageEffects":false,"showParticleSystems":false},"in2DMode":false,"pivot":{"x":17.369552612304689,"y":205.94789123535157,"z":-25.550718307495118},"rotation":{"x":-0.24708731472492219,"y":0.17244656383991242,"z":-0.04471597075462341,"w":-0.9524981379508972},"size":13.156417846679688,"orthographic":false}