{"cameraMode":{"drawMode":0,"name":"Shaded","section":"Shading Mode"},"sceneLighting":true,"audioPlay":false,"sceneViewState":{"showFog":true,"showMaterialUpdate":false,"showSkybox":true,"showFlares":false,"showImageEffects":false,"showParticleSystems":false},"in2DMode":false,"pivot":{"x":61.99679183959961,"y":198.65716552734376,"z":46.834190368652347},"rotation":{"x":-0.24708731472492219,"y":0.17244656383991242,"z":-0.04471597075462341,"w":-0.9524981379508972},"size":73.1605453491211,"orthographic":false}