{"cameraMode":{"drawMode":0,"name":"Shaded","section":"Shading Mode"},"sceneLighting":true,"audioPlay":false,"sceneViewState":{"showFog":true,"showMaterialUpdate":false,"showSkybox":true,"showFlares":false,"showImageEffects":false,"showParticleSystems":false},"in2DMode":false,"pivot":{"x":479.550537109375,"y":194.5,"z":10.468671798706055},"rotation":{"x":-0.028784725815057756,"y":0.9636024236679077,"z":-0.23919259011745454,"w":-0.11588751524686814},"size":1710.824951171875,"orthographic":false}