{"cameraMode":{"drawMode":0,"name":"Shaded","section":"Shading Mode"},"sceneLighting":false,"audioPlay":false,"sceneViewState":{"showFog":false,"showMaterialUpdate":false,"showSkybox":false,"showFlares":false,"showImageEffects":false,"showParticleSystems":false},"in2DMode":false,"pivot":{"x":-41.17986297607422,"y":200.2243194580078,"z":-8.313239097595215},"rotation":{"x":-0.24380336701869965,"y":0.4569461941719055,"z":-0.13178470730781556,"w":-0.8452405333518982},"size":1.198598027229309,"orthographic":false}