{"cameraMode":{"drawMode":0,"name":"Shaded","section":"Shading Mode"},"sceneLighting":true,"audioPlay":false,"sceneViewState":{"showFog":true,"showMaterialUpdate":false,"showSkybox":true,"showFlares":true,"showImageEffects":true,"showParticleSystems":true},"in2DMode":false,"pivot":{"x":-31.935138702392579,"y":204.00192260742188,"z":55.34220886230469},"rotation":{"x":-0.05127517506480217,"y":0.021567244082689287,"z":-0.0011075836373493076,"w":-0.9984517097473145},"size":19.2540225982666,"orthographic":false}