{"cameraMode":{"drawMode":0,"name":"Shaded","section":"Shading Mode"},"sceneLighting":true,"audioPlay":false,"sceneViewState":{"showFog":true,"showMaterialUpdate":false,"showSkybox":true,"showFlares":false,"showImageEffects":false,"showParticleSystems":false},"in2DMode":false,"pivot":{"x":27.21440887451172,"y":63.05064392089844,"z":28.48131561279297},"rotation":{"x":0.2893652319908142,"y":-0.2956930696964264,"z":0.09450116008520127,"w":0.9054964780807495},"size":182.6540069580078,"orthographic":false}