{"cameraMode":{"drawMode":0,"name":"Shaded","section":"Shading Mode"},"sceneLighting":true,"audioPlay":false,"sceneViewState":{"showFog":true,"showMaterialUpdate":false,"showSkybox":true,"showFlares":false,"showImageEffects":false,"showParticleSystems":false},"in2DMode":false,"pivot":{"x":3513.1240234375,"y":1064.682861328125,"z":-4179.03564453125},"rotation":{"x":-0.04376678913831711,"y":-0.03772608935832977,"z":0.0016311100916936994,"w":-0.9983444809913635},"size":6.321229457855225,"orthographic":false}