{"cameraMode":{"drawMode":0,"name":"Shaded","section":"Shading Mode"},"sceneLighting":true,"audioPlay":false,"sceneViewState":{"showFog":true,"showMaterialUpdate":false,"showSkybox":true,"showFlares":false,"showImageEffects":false,"showParticleSystems":false},"in2DMode":false,"pivot":{"x":37.25126647949219,"y":200.62261962890626,"z":75.66922760009766},"rotation":{"x":-0.24708731472492219,"y":0.17244656383991242,"z":-0.04471597075462341,"w":-0.9524981379508972},"size":78.60887145996094,"orthographic":false}