{"cameraMode":{"drawMode":0,"name":"Shaded","section":"Shading Mode"},"sceneLighting":true,"audioPlay":false,"sceneViewState":{"showFog":true,"showMaterialUpdate":false,"showSkybox":true,"showFlares":false,"showImageEffects":false,"showParticleSystems":false},"in2DMode":false,"pivot":{"x":67.29308319091797,"y":92.466796875,"z":41.710609436035159},"rotation":{"x":-0.09741722047328949,"y":-0.659292995929718,"z":0.08674244582653046,"w":-0.7404950857162476},"size":3.319725275039673,"orthographic":false}