{"cameraMode":{"drawMode":0,"name":"Shaded","section":"Shading Mode"},"sceneLighting":true,"audioPlay":false,"sceneViewState":{"showFog":true,"showMaterialUpdate":false,"showSkybox":true,"showFlares":false,"showImageEffects":false,"showParticleSystems":false},"in2DMode":false,"pivot":{"x":72.9986801147461,"y":274.64990234375,"z":-52.0245246887207},"rotation":{"x":0.2204626500606537,"y":-0.22047486901283265,"z":0.051216743886470798,"w":0.9487696290016174},"size":40.59383773803711,"orthographic":false}