{"cameraMode":{"drawMode":0,"name":"Shaded","section":"Shading Mode"},"sceneLighting":true,"audioPlay":false,"sceneViewState":{"showFog":true,"showMaterialUpdate":false,"showSkybox":true,"showFlares":false,"showImageEffects":false,"showParticleSystems":false},"in2DMode":false,"pivot":{"x":0.0,"y":200.00350952148438,"z":-0.00014710426330566406},"rotation":{"x":-0.28602492809295657,"y":0.6385644674301148,"z":-0.27738356590270998,"w":-0.6583948731422424},"size":8.431002616882325,"orthographic":false}