{"cameraMode":{"drawMode":0,"name":"Shaded","section":"Shading Mode"},"sceneLighting":true,"audioPlay":false,"sceneViewState":{"showFog":false,"showMaterialUpdate":false,"showSkybox":false,"showFlares":false,"showImageEffects":false,"showParticleSystems":false},"in2DMode":false,"pivot":{"x":5.646998405456543,"y":201.3756561279297,"z":-10.869306564331055},"rotation":{"x":-0.3013754189014435,"y":-0.09789224714040756,"z":0.031130054965615274,"w":-0.9479727149009705},"size":6.054825782775879,"orthographic":false}