{"cameraMode":{"drawMode":0,"name":"Shaded","section":"Shading Mode"},"sceneLighting":true,"audioPlay":false,"sceneViewState":{"showFog":true,"showMaterialUpdate":false,"showSkybox":true,"showFlares":false,"showImageEffects":false,"showParticleSystems":false},"in2DMode":false,"pivot":{"x":41.65638732910156,"y":195.83270263671876,"z":-116.60454559326172},"rotation":{"x":0.07084404677152634,"y":-0.8155649304389954,"z":0.10236531496047974,"w":0.565151035785675},"size":74.00137329101563,"orthographic":false}