{"cameraMode":{"drawMode":0,"name":"Shaded","section":"Shading Mode"},"sceneLighting":true,"audioPlay":false,"sceneViewState":{"showFog":true,"showMaterialUpdate":false,"showSkybox":true,"showFlares":false,"showImageEffects":false,"showParticleSystems":false},"in2DMode":false,"pivot":{"x":38.268959045410159,"y":69.61822509765625,"z":-64.31088256835938},"rotation":{"x":-0.01284209918230772,"y":-0.9764500856399536,"z":0.20690284669399262,"w":-0.06013172119855881},"size":63.74418640136719,"orthographic":false}