{"cameraMode":{"drawMode":0,"name":"Shaded","section":"Shading Mode"},"sceneLighting":true,"audioPlay":false,"sceneViewState":{"showFog":true,"showMaterialUpdate":false,"showSkybox":true,"showFlares":true,"showImageEffects":true,"showParticleSystems":true},"in2DMode":false,"pivot":{"x":93.67335510253906,"y":258.4242858886719,"z":78.30461120605469},"rotation":{"x":-0.1449085921049118,"y":0.8430440425872803,"z":-0.2806018590927124,"w":-0.43536654114723208},"size":211.77798461914063,"orthographic":false}