{"cameraMode":{"drawMode":0,"name":"Shaded","section":"Shading Mode"},"sceneLighting":true,"audioPlay":false,"sceneViewState":{"showFog":true,"showMaterialUpdate":false,"showSkybox":true,"showFlares":false,"showImageEffects":false,"showParticleSystems":false},"in2DMode":false,"pivot":{"x":103.8662338256836,"y":201.34149169921876,"z":11.386656761169434},"rotation":{"x":-0.028784725815057756,"y":0.9636024236679077,"z":-0.23919259011745454,"w":-0.11588751524686814},"size":45.66630554199219,"orthographic":false}