{"cameraMode":{"drawMode":0,"name":"Shaded","section":"Shading Mode"},"sceneLighting":true,"audioPlay":false,"sceneViewState":{"showFog":true,"showMaterialUpdate":false,"showSkybox":true,"showFlares":false,"showImageEffects":false,"showParticleSystems":false},"in2DMode":false,"pivot":{"x":66.73021697998047,"y":202.8399200439453,"z":41.781394958496097},"rotation":{"x":0.09778829663991928,"y":-0.23536093533039094,"z":0.023795077577233316,"w":0.9666857123374939},"size":41.0324592590332,"orthographic":false}