{"cameraMode":{"drawMode":0,"name":"Shaded","section":"Shading Mode"},"sceneLighting":true,"audioPlay":false,"sceneViewState":{"showFog":true,"showMaterialUpdate":false,"showSkybox":true,"showFlares":true,"showImageEffects":true,"showParticleSystems":true},"in2DMode":false,"pivot":{"x":-0.002372145652770996,"y":201.5228271484375,"z":4.772405624389648},"rotation":{"x":0.21154071390628816,"y":0.6936922669410706,"z":-0.22557704150676728,"w":0.650522768497467},"size":12.6770658493042,"orthographic":false}