{"cameraMode":{"drawMode":0,"name":"Shaded","section":"Shading Mode"},"sceneLighting":false,"audioPlay":false,"sceneViewState":{"showFog":true,"showMaterialUpdate":false,"showSkybox":false,"showFlares":true,"showImageEffects":true,"showParticleSystems":true},"in2DMode":false,"pivot":{"x":-33.0311279296875,"y":196.5953369140625,"z":11.475179672241211},"rotation":{"x":-0.17476852238178254,"y":0.03897693380713463,"z":-0.006923955399543047,"w":-0.9838152527809143},"size":287.3731384277344,"orthographic":false}