{"cameraMode":{"drawMode":0,"name":"Shaded","section":"Shading Mode"},"sceneLighting":true,"audioPlay":false,"sceneViewState":{"showFog":true,"showMaterialUpdate":false,"showSkybox":true,"showFlares":false,"showImageEffects":false,"showParticleSystems":false},"in2DMode":false,"pivot":{"x":21.50621223449707,"y":95.11143493652344,"z":-94.04820251464844},"rotation":{"x":0.44966474175453188,"y":-0.036724384874105456,"z":0.018514176830649377,"w":0.8922626376152039},"size":12.451428413391114,"orthographic":false}