{"cameraMode":{"drawMode":0,"name":"Shaded","section":"Shading Mode"},"sceneLighting":true,"audioPlay":false,"sceneViewState":{"showFog":false,"showMaterialUpdate":false,"showSkybox":false,"showFlares":false,"showImageEffects":false,"showParticleSystems":false},"in2DMode":false,"pivot":{"x":-338.781494140625,"y":203.9396514892578,"z":-273.9101867675781},"rotation":{"x":-0.33023422956466677,"y":0.2227281928062439,"z":-0.08049697428941727,"w":-0.913713812828064},"size":69.45645904541016,"orthographic":false}