{"cameraMode":{"drawMode":0,"name":"Shaded","section":"Shading Mode"},"sceneLighting":true,"audioPlay":false,"sceneViewState":{"showFog":true,"showMaterialUpdate":false,"showSkybox":true,"showFlares":false,"showImageEffects":false,"showParticleSystems":false},"in2DMode":false,"pivot":{"x":75.05694580078125,"y":201.3657989501953,"z":25.066129684448243},"rotation":{"x":0.2113143801689148,"y":-0.05892402306199074,"z":0.012749695219099522,"w":0.9755599498748779},"size":3.0807833671569826,"orthographic":false}