{"cameraMode":{"drawMode":0,"name":"Shaded","section":"Shading Mode"},"sceneLighting":true,"audioPlay":false,"sceneViewState":{"showFog":true,"showMaterialUpdate":false,"showSkybox":true,"showFlares":false,"showImageEffects":false,"showParticleSystems":false},"in2DMode":false,"pivot":{"x":90.76239776611328,"y":207.96969604492188,"z":5.788033485412598},"rotation":{"x":0.009739253669977188,"y":0.9830530285835266,"z":-0.054926156997680667,"w":0.17463001608848573},"size":8.95969295501709,"orthographic":false}