{"cameraMode":{"drawMode":0,"name":"Shaded","section":"Shading Mode"},"sceneLighting":true,"audioPlay":false,"sceneViewState":{"showFog":true,"showMaterialUpdate":false,"showSkybox":true,"showFlares":false,"showImageEffects":false,"showParticleSystems":false},"in2DMode":false,"pivot":{"x":-49.84531784057617,"y":469.1479797363281,"z":-168.1946258544922},"rotation":{"x":0.025011220946907998,"y":-0.970072329044342,"z":0.11434029787778855,"w":0.2128385454416275},"size":176.90444946289063,"orthographic":false}