{"cameraMode":{"drawMode":0,"name":"Shaded","section":"Shading Mode"},"sceneLighting":true,"audioPlay":false,"sceneViewState":{"showFog":true,"showMaterialUpdate":false,"showSkybox":true,"showFlares":false,"showImageEffects":false,"showParticleSystems":false},"in2DMode":false,"pivot":{"x":94.22500610351563,"y":205.8649444580078,"z":53.325538635253909},"rotation":{"x":-0.07542402297258377,"y":-0.18348674476146699,"z":0.0141364810988307,"w":-0.9800305366516113},"size":17.81922149658203,"orthographic":false}