{"cameraMode":{"drawMode":0,"name":"Shaded","section":"Shading Mode"},"sceneLighting":true,"audioPlay":false,"sceneViewState":{"showFog":true,"showMaterialUpdate":false,"showSkybox":true,"showFlares":false,"showImageEffects":false,"showParticleSystems":false},"in2DMode":false,"pivot":{"x":93.4659423828125,"y":205.2804412841797,"z":6.050118446350098},"rotation":{"x":0.22264963388442994,"y":-0.2058485448360443,"z":0.0481400303542614,"w":0.951702356338501},"size":9.500747680664063,"orthographic":false}