{"cameraMode":{"drawMode":0,"name":"Shaded","section":"Shading Mode"},"sceneLighting":true,"audioPlay":false,"sceneViewState":{"showFog":true,"showMaterialUpdate":false,"showSkybox":true,"showFlares":false,"showImageEffects":false,"showParticleSystems":false},"in2DMode":false,"pivot":{"x":73.39278411865235,"y":202.26844787597657,"z":32.116981506347659},"rotation":{"x":0.033875200897455218,"y":0.9656987190246582,"z":-0.16707634925842286,"w":0.19588011503219605},"size":5.711910247802734,"orthographic":false}