{"cameraMode":{"drawMode":0,"name":"Shaded","section":"Shading Mode"},"sceneLighting":true,"audioPlay":false,"sceneViewState":{"showFog":true,"showMaterialUpdate":false,"showSkybox":true,"showFlares":false,"showImageEffects":false,"showParticleSystems":false},"in2DMode":false,"pivot":{"x":35.44761657714844,"y":133.4718780517578,"z":68.87940979003906},"rotation":{"x":0.09508021175861359,"y":-0.2270241677761078,"z":0.022281328216195108,"w":0.9689915776252747},"size":182.6540069580078,"orthographic":false}